filename,speaker_id,condition,raw_duration_sec,speech_duration_sec,median_pitch_hz,voiced_fraction,mean_energy,speaking_rate_wps,mfcc_1,mfcc_2,mfcc_3,mfcc_4,mfcc_5,mfcc_6,mfcc_7,mfcc_8,mfcc_9,mfcc_10,mfcc_11,mfcc_12,mfcc_13
hamza_hi_s01.wav,hamza,hi,6.0,5.52,127.8720601954181,0.30357142857142855,0.03945768252015114,0.9057971014492754,-233.3730010986328,77.15233612060547,-7.152287006378174,14.549202919006348,15.244128227233887,4.747329235076904,-4.166943550109863,-2.693179130554199,-1.6140587329864502,1.0887994766235352,-1.799660563468933,1.2568118572235107,-0.13802626729011536
hamza_hi_s02.wav,hamza,hi,6.0,5.84,124.2317908609653,0.5472027972027972,0.04447731748223305,0.8561643835616438,-237.87278747558594,76.74124145507812,-4.201886177062988,19.193275451660156,19.149208068847656,4.671006202697754,-5.0090179443359375,-4.063652038574219,-2.805363178253174,-1.2720717191696167,-2.545767068862915,0.001851660548709333,-1.791016697883606
hamza_hi_s03.wav,hamza,hi,6.0,5.69,128.61281550435518,0.6284046692607004,0.06049322709441185,1.2302284710017575,-230.10809326171875,83.86449432373047,-8.71033763885498,20.05086326599121,16.0179500579834,3.6288459300994873,-2.886267900466919,-5.425904750823975,-2.306088447570801,-1.8976924419403076,-0.8224519491195679,-1.1279356479644775,-1.1709052324295044
hamza_hi_s04.wav,hamza,hi,6.0,5.4,113.92105451406232,0.6977886977886978,0.04918820038437843,0.7407407407407407,-235.8784637451172,77.5511703491211,-8.564629554748535,20.779294967651367,15.818814277648926,4.483700752258301,-5.124891757965088,-5.860466957092285,-2.3132381439208984,-1.1302454471588135,-0.8870755434036255,-0.8687645196914673,-0.4311669170856476
hamza_hi_s05.wav,hamza,hi,6.0,5.84,117.25919621210952,0.7717171717171717,0.049157943576574326,0.8561643835616438,-235.9842071533203,81.5,-8.93663215637207,21.372224807739258,14.723359107971191,3.5479562282562256,-4.367048740386963,-6.55908727645874,-2.9142343997955322,-1.3462934494018555,0.8261445164680481,-0.7429456114768982,-0.9488874077796936
hamza_en_s01.wav,hamza,en,6.0,5.84,118.62168244234753,0.6397379912663755,0.0501057505607605,1.0273972602739727,-248.8220672607422,75.31417083740234,-2.5419654846191406,20.945629119873047,18.229228973388672,5.082276821136475,-3.373457908630371,-4.514521598815918,-4.001896381378174,-1.9237767457962036,-0.6765992045402527,-2.024108409881592,-0.5685349702835083
hamza_en_s02.wav,hamza,en,6.0,5.48,118.28007713388882,0.7410207939508506,0.06657697260379791,1.4598540145985401,-223.4944610595703,82.39704132080078,-4.390547275543213,19.89833641052246,13.810842514038086,5.304649353027344,-1.771132230758667,-3.4581124782562256,-2.650331735610962,-4.75571870803833,1.5989165306091309,0.5418645739555359,-3.5864133834838867
hamza_en_s03.wav,hamza,en,6.0,5.77,117.93847182543013,0.6462585034013606,0.04795123264193535,1.2131715771230505,-251.4306640625,75.33602905273438,3.7152493000030518,19.06416130065918,18.66925621032715,3.8503708839416504,-3.905327558517456,-5.0224480628967285,-4.70240592956543,-3.635963201522827,-0.5552888512611389,-0.4348302483558655,-1.420140027999878
hamza_en_s04.wav,hamza,en,6.0,5.21,120.0,0.7701863354037267,0.07908345758914948,1.5355086372360844,-223.60049438476562,91.6003646850586,-4.3911919593811035,16.326841354370117,11.815912246704102,4.1180572509765625,-1.3830392360687256,-6.128044605255127,-5.2771382331848145,-4.460749626159668,2.0361974239349365,-0.9400742053985596,-4.371861934661865
hamza_en_s05.wav,hamza,en,6.0,4.75,121.3943328362307,0.6559633027522935,0.06174328923225403,1.4736842105263157,-224.8590850830078,72.70439147949219,2.248910665512085,17.556476593017578,14.598718643188477,2.7639319896698,-4.8131937980651855,-4.256361961364746,-4.2173991203308105,-5.447634220123291,1.7651926279067993,0.23450373113155365,-0.6618866920471191
hamza_cs_s01.wav,hamza,cs,6.0,5.64,118.28007713388882,0.7719928186714542,0.07762572169303894,1.773049645390071,-213.85723876953125,82.18053436279297,-4.5158305168151855,20.27223014831543,14.840618133544922,-0.11240126192569733,-4.651762962341309,-6.85789680480957,-3.9987521171569824,-4.612129211425781,1.8703421354293823,0.4768643379211426,-1.903045654296875
hamza_cs_s02.wav,hamza,cs,6.0,4.95,125.6752947384752,0.7836734693877551,0.08950583636760712,2.6262626262626263,-211.88632202148438,90.35755157470703,-5.035284996032715,20.463119506835938,11.152305603027344,2.4931211471557617,-3.7308638095855713,-6.42812442779541,-6.984874248504639,-5.776747226715088,0.9385616779327393,-1.2799526453018188,-4.454561233520508
hamza_cs_s03.wav,hamza,cs,6.0,4.63,123.51626839721905,0.7478070175438597,0.08324561268091202,2.159827213822894,-218.4963836669922,86.05906677246094,1.3191781044006348,23.713163375854492,13.217438697814941,2.094558000564575,-0.8329679369926453,-8.040022850036621,-8.00014591217041,-7.546100616455078,0.7588390707969666,-3.0487473011016846,-4.203425407409668
hamza_cs_s04.wav,hamza,cs,6.0,3.52,136.26053148850528,0.6973293768545994,0.08523867279291153,2.840909090909091,-223.0360107421875,83.1469955444336,2.9019551277160645,22.840654373168945,17.420246124267578,0.9858987331390381,-3.6984105110168457,-5.102272987365723,-7.34229850769043,-6.026769161224365,-0.42631518840789795,-2.077633857727051,-3.6452667713165283
hamza_cs_s05.wav,hamza,cs,6.0,4.11,120.69515292814242,0.6763157894736842,0.08045604079961777,2.67639902676399,-225.19140625,82.10347747802734,-2.165008306503296,25.012500762939453,13.77106761932373,2.9139485359191895,-2.0184054374694824,-6.933410167694092,-6.202719211578369,-7.133233070373535,1.050330638885498,-1.6423182487487793,-3.3095943927764893
hamza_cs_s06.wav,hamza,cs,6.0,4.13,127.50381575926677,0.7307692307692307,0.09361615031957626,2.9055690072639226,-213.6226806640625,86.30316162109375,-7.0412068367004395,27.0001277923584,16.189739227294922,-2.362043857574463,-6.292729377746582,-7.449940204620361,-5.0213303565979,-8.86546516418457,0.7342699766159058,-2.174136161804199,-1.6864417791366577
rumaisa_hi_s01.wav,rumaisa,hi,6.0,5.83,363.77197596249556,0.6505681818181818,0.041463740170001984,0.8576329331046312,-266.5243835449219,75.6701431274414,3.1119697093963623,10.30894660949707,10.642351150512695,1.4705214500427246,-2.900625467300415,-1.3034149408340454,-3.888007164001465,-4.509076118469238,-1.7178436517715454,-2.620614767074585,-1.1050032377243042
rumaisa_hi_s02.wav,rumaisa,hi,6.0,5.07,337.45638998936386,0.7700258397932817,0.06186103820800781,0.9861932938856015,-248.50018310546875,78.30300903320312,1.580962896347046,13.188651084899902,8.431381225585938,-1.5105453729629517,-2.890660524368286,-5.265340328216553,-5.907780170440674,-4.760496616363525,-2.889688014984131,-4.088807582855225,-4.150326251983643
rumaisa_hi_s03.wav,rumaisa,hi,6.0,5.84,351.3805670269501,0.6058700209643606,0.04855382442474365,1.1986301369863015,-261.05743408203125,77.53068542480469,0.7223438620567322,13.820672988891602,11.314897537231445,0.03806266933679581,-0.595941960811615,-3.216047525405884,-5.255151748657227,-3.1114003658294678,-3.0920181274414062,-1.7524305582046509,-1.2665420770645142
rumaisa_hi_s04.wav,rumaisa,hi,6.0,5.76,333.58037276216095,0.8477508650519031,0.04498385637998581,0.6944444444444444,-278.62335205078125,73.71715545654297,3.043405294418335,13.959940910339355,13.419332504272461,1.4054090976715088,0.2127315253019333,-0.8674077391624451,-3.789154291152954,-1.3006932735443115,-1.3847321271896362,-2.1108181476593018,-2.1378159523010254
rumaisa_hi_s05.wav,rumaisa,hi,6.0,5.55,362.72438975819693,0.6490066225165563,0.04639459401369095,0.9009009009009009,-269.9681091308594,72.68932342529297,3.127112627029419,14.856338500976562,11.191052436828613,0.2637558579444885,-2.0872204303741455,-1.9995670318603516,-3.6750504970550537,-3.3217644691467285,-1.5990747213363647,-2.5979301929473877,-0.8936458826065063
rumaisa_en_s01.wav,rumaisa,en,6.0,3.1,359.5936984504036,0.8737201365187713,0.07979292422533035,1.9354838709677418,-225.6087646484375,76.58477020263672,-5.431585311889648,16.22148895263672,8.896330833435059,-5.862412452697754,-7.251947402954102,-5.0208940505981445,-7.39520788192749,-6.5583672523498535,-3.9007344245910645,-3.413215398788452,-2.685798168182373
rumaisa_en_s02.wav,rumaisa,en,6.0,5.66,347.3446169856907,0.663768115942029,0.051372986286878586,1.4134275618374559,-264.7445983886719,73.95844268798828,-1.4462417364120483,14.291766166687012,10.658528327941895,0.6374123096466064,-1.516162633895874,-2.032646417617798,-4.530813694000244,-3.940031051635742,-2.0181431770324707,-3.201242685317993,-3.495828151702881
rumaisa_en_s03.wav,rumaisa,en,6.0,4.9,372.27474284009634,0.589041095890411,0.04518277570605278,1.4285714285714284,-277.815185546875,69.19952392578125,6.162855625152588,15.420360565185547,13.150605201721191,-0.891743004322052,-2.8625855445861816,-2.774000883102417,-6.3794026374816895,-2.4614410400390625,0.12333384156227112,0.8754453659057617,1.840311884880066
rumaisa_en_s04.wav,rumaisa,en,6.0,5.75,365.8792855813829,0.6210826210826211,0.044949859380722046,1.391304347826087,-264.396728515625,74.01226806640625,5.178083419799805,15.981279373168945,11.975031852722168,0.8390256762504578,-3.903794527053833,-2.2813024520874023,-4.253118515014648,-5.432596206665039,-1.7789301872253418,-1.587656021118164,-0.649547815322876
rumaisa_en_s05.wav,rumaisa,en,6.0,5.76,363.77197596249556,0.5111111111111111,0.043541211634874344,1.215277777777778,-268.4011535644531,73.4371337890625,7.591135025024414,14.604007720947266,13.843213081359863,-2.019526958465576,-3.6068155765533447,-0.5284204483032227,-5.160552024841309,-3.9456095695495605,-0.747979998588562,-0.44977426528930664,-0.7518707513809204
rumaisa_cs_s01.wav,rumaisa,cs,6.0,5.84,333.58037276216095,0.8197064989517819,0.07789724320173264,1.7123287671232876,-242.85464477539062,78.1824951171875,2.2443509101867676,13.741827964782715,9.038386344909668,-2.1994800567626953,-5.785415172576904,-3.2369346618652344,-4.991838455200195,-6.37440299987793,-2.567737579345703,-2.3688268661499023,-2.6303999423980713
rumaisa_cs_s02.wav,rumaisa,cs,6.0,4.91,310.34518357087063,0.753880266075388,0.08031133562326431,2.6476578411405294,-227.76165771484375,79.97544860839844,-2.3022544384002686,14.673032760620117,9.31696891784668,-1.7276636362075806,-4.159510135650635,-5.528696537017822,-5.432790756225586,-6.955718040466309,-3.74485182762146,-3.3400962352752686,-5.927596569061279
rumaisa_cs_s03.wav,rumaisa,cs,6.0,5.61,355.46341254877547,0.8157894736842105,0.073646180331707,1.7825311942959001,-253.03656005859375,78.52813720703125,5.312779903411865,14.624701499938965,8.024639129638672,-4.137347221374512,-7.323010444641113,-6.644059658050537,-5.212119102478027,-7.457781791687012,-3.81425404548645,-4.197294235229492,-1.8635166883468628
rumaisa_cs_s04.wav,rumaisa,cs,6.0,4.67,302.38105197476955,0.7948717948717948,0.0684337317943573,2.1413276231263385,-260.1243591308594,76.64183044433594,4.579128742218018,17.284809112548828,14.002135276794434,-1.953997254371643,-4.03486442565918,-4.699667930603027,-6.80173921585083,-6.014719486236572,-3.5438151359558105,-3.83383846282959,-3.0624196529388428
rumaisa_cs_s05.wav,rumaisa,cs,6.0,4.5,301.51025862228016,0.7111111111111111,0.0836983472108841,2.4444444444444446,-241.95399475097656,74.89602661132812,4.65528678894043,18.963157653808594,9.964192390441895,0.6239582300186157,-3.50382661819458,-5.663751602172852,-7.525177478790283,-8.263520240783691,-2.6434264183044434,-4.35797119140625,-4.219319820404053
rumaisa_cs_s06.wav,rumaisa,cs,6.0,4.87,288.726008659708,0.783410138248848,0.08167675882577896,2.4640657084188913,-237.88230895996094,83.6202163696289,1.5893349647521973,19.5797061920166,8.586627960205078,-6.041269779205322,-5.3717756271362305,-3.117525577545166,-6.445005893707275,-8.321826934814453,-2.0620741844177246,-3.483464479446411,-4.039831161499023
rahul_hi_s01.wav,rahul,hi,6.0,5.81,117.93847182543013,0.38287153652392947,0.0384664349257946,0.8605851979345955,-263.6282653808594,75.48823547363281,-1.003178596496582,18.11525535583496,12.386144638061523,-4.298489570617676,-1.1881598234176636,-0.6372655630111694,-3.2587380409240723,-0.8367666006088257,-0.9558595418930054,3.670509099960327,1.6008762121200562
rahul_hi_s02.wav,rahul,hi,6.0,5.71,113.92105451406232,0.6348122866894198,0.04286477342247963,0.8756567425569177,-265.1184997558594,78.04789733886719,-6.996998310089111,18.396785736083984,16.072261810302734,-3.39607572555542,-0.6716141104698181,-0.8550763130187988,-5.167389869689941,-1.7542773485183716,-1.0047513246536255,2.417982816696167,0.9819083213806152
rahul_hi_s03.wav,rahul,hi,6.0,5.47,105.07123336870623,0.4586894586894587,0.045560501515865326,1.2797074954296161,-258.2538757324219,79.5523452758789,-5.401605129241943,17.19470977783203,12.064988136291504,-2.9779257774353027,-0.581997275352478,-0.22418145835399628,-5.27247953414917,-1.82497239112854,-0.9401083588600159,1.527902603149414,-0.25657808780670166
rahul_hi_s04.wav,rahul,hi,6.0,5.22,117.25919621210952,0.7068273092369478,0.043837763369083405,0.7662835249042146,-265.5350646972656,78.12899017333984,-4.4177093505859375,15.425896644592285,15.147171974182129,-1.5781047344207764,-0.13402503728866577,-0.4340437650680542,-5.330228805541992,-1.6253550052642822,-0.4619898498058319,1.1422977447509766,0.14217457175254822
rahul_hi_s05.wav,rahul,hi,6.0,5.83,114.58099246924999,0.4798657718120805,0.04203050583600998,0.8576329331046312,-268.7547912597656,77.06148529052734,-5.075472831726074,21.36785888671875,16.036611557006836,-3.077409267425537,-1.3550115823745728,-1.0401705503463745,-4.560078144073486,-1.792707920074463,-0.9833347797393799,1.236304759979248,0.1810668557882309
rahul_en_s01.wav,rahul,en,6.0,5.76,119.30885085810569,0.5934959349593496,0.03733977675437927,1.0416666666666667,-275.2139587402344,71.3350601196289,-5.33642053604126,18.948205947875977,17.039880752563477,-3.1858408451080322,-1.9178403615951538,-1.4096328020095825,-4.970430374145508,-1.6414905786514282,-2.378197193145752,1.214160680770874,1.448543667793274
rahul_en_s02.wav,rahul,en,6.0,5.84,110.6779432303127,0.5160349854227405,0.038983434438705444,1.36986301369863,-266.93328857421875,78.38835144042969,-4.412280559539795,19.21965789794922,14.980502128601074,-2.107639789581299,-0.0734110027551651,-0.9829204678535461,-4.010148525238037,-0.32531800866127014,-1.6935269832611084,1.3813393115997314,-0.06465574353933334
rahul_en_s03.wav,rahul,en,6.0,5.32,118.6236613417679,0.5819672131147541,0.03271454572677612,1.3157894736842104,-266.1911315917969,64.71212768554688,-1.050246238708496,18.167757034301758,16.271404266357422,-0.8132135272026062,-1.3668214082717896,-0.8555073142051697,-4.748154163360596,-1.7793841361999512,-2.781722068786621,0.5575211644172668,1.049811840057373
rahul_en_s04.wav,rahul,en,6.0,2.97,109.40669862698601,0.7575757575757576,0.07719037681818008,2.6936026936026933,-215.50421142578125,96.92338562011719,-14.623726844787598,15.141857147216797,14.625643730163574,-5.858744144439697,-2.5317986011505127,-4.236976146697998,-8.859557151794434,-4.952385425567627,-2.4926576614379883,1.627254605293274,-0.6871700286865234
rahul_en_s05.wav,rahul,en,6.0,5.44,117.93847182543013,0.71875,0.0362376868724823,1.2867647058823528,-257.6065368652344,72.70157623291016,-2.5181217193603516,17.881160736083984,12.739200592041016,-2.8336293697357178,-2.3805434703826904,-1.4424434900283813,-4.7539286613464355,-2.780038595199585,-2.0337486267089844,1.3105072975158691,0.8613423705101013
rahul_cs_s01.wav,rahul,cs,6.0,5.71,113.26491752180321,0.5751295336787565,0.05329187586903572,1.7513134851138354,-246.24923706054688,79.88277435302734,-8.314668655395508,19.491195678710938,15.774070739746094,-4.806198596954346,-5.054684162139893,-4.220818042755127,-6.566782474517822,-2.3495371341705322,-2.648333787918091,0.7495280504226685,0.2082359939813614
rahul_cs_s02.wav,rahul,cs,6.0,5.85,106.29210229228326,0.425531914893617,0.04905141144990921,2.2222222222222223,-233.55023193359375,82.54720306396484,-6.2739577293396,18.34720230102539,12.61201000213623,-4.663442611694336,-3.1136932373046875,-0.6144722104072571,-7.551401138305664,-3.724311113357544,-2.760338544845581,0.7684754133224487,-0.3795463442802429
rahul_cs_s03.wav,rahul,cs,6.0,4.19,117.93847182543013,0.4578005115089514,0.06527677178382874,2.386634844868735,-219.75950622558594,84.68020629882812,-10.923059463500977,21.665992736816406,13.100958824157715,-6.702081680297852,-1.6331467628479004,-3.954749584197998,-10.692566871643066,-5.6766204833984375,-3.3279552459716797,1.6781773567199707,-1.9294195175170898
rahul_cs_s04.wav,rahul,cs,6.0,5.84,115.91235947098146,0.33783783783783783,0.04231508821249008,1.7123287671232876,-247.48196411132812,78.51579284667969,-2.7604167461395264,24.279220581054688,15.167884826660156,-4.58124303817749,-2.892470359802246,-1.122822880744934,-5.480338096618652,-2.8165626525878906,-2.91764235496521,0.6955961585044861,-0.2450888603925705
rahul_cs_s05.wav,rahul,cs,6.0,5.81,111.96395898441689,0.3346774193548387,0.04739243909716606,1.8932874354561102,-246.6376495361328,76.9823226928711,-5.839092254638672,23.705598831176758,15.163436889648438,-4.335546016693115,-1.8171179294586182,-1.3002595901489258,-5.593539237976074,-3.8997933864593506,-2.7916688919067383,0.8821470141410828,0.14832256734371185
rahul_cs_s06.wav,rahul,cs,6.0,5.83,111.96395898441689,0.5070754716981132,0.05392836779356003,2.058319039451115,-244.35301208496094,78.13529968261719,-11.170781135559082,25.44623374938965,16.86758804321289,-5.459372520446777,-4.311378479003906,-1.887452483177185,-4.473113536834717,-3.8168678283691406,-2.603703737258911,0.9980854392051697,-0.07664027065038681
