filename,speaker_id,condition,sentence_id,sentence_text,switch_point_word_index,notes
hamza_hi_s01.wav,hamza,hi,s01,Aaj mausam bahut accha hai.,,
hamza_hi_s02.wav,hamza,hi,s02,Mujhe kitaabein padhna pasand hai.,,
hamza_hi_s03.wav,hamza,hi,s03,Kya aap meri madad kar sakte hain?,,
hamza_hi_s04.wav,hamza,hi,s04,Hum kal bazaar jaayenge.,,
hamza_hi_s05.wav,hamza,hi,s05,Yeh mera pasandeeda gaana hai.,,
hamza_en_s01.wav,hamza,en,s01,The weather is really nice today.,,
hamza_en_s02.wav,hamza,en,s02,I enjoy reading books in my free time.,,
hamza_en_s03.wav,hamza,en,s03,Could you please help me with this?,,
hamza_en_s04.wav,hamza,en,s04,We are planning to visit the market tomorrow.,,
hamza_en_s05.wav,hamza,en,s05,This is one of my favorite songs.,,
hamza_cs_s01.wav,hamza,cs,s01,"Mujhe office jaana hai, but traffic is really bad today.",5,
hamza_cs_s02.wav,hamza,cs,s02,"I was going to the market, lekin raaste mein baarish shuru ho gayi.",7,
hamza_cs_s03.wav,hamza,cs,s03,"Mujhe ye movie bahut pasand aayi, it was really good.",7,
hamza_cs_s04.wav,hamza,cs,s04,"Can you please send me the file, mujhe abhi chahiye.",8,
hamza_cs_s05.wav,hamza,cs,s05,"Kal meeting hai office mein, so I need to leave early.",6,
hamza_cs_s06.wav,hamza,cs,s06,"Pehle hum ghar gaye, then we had dinner, phir movie dekhne gaye.","5,9",
rumaisa_hi_s01.wav,rumaisa,hi,s01,Aaj mausam bahut accha hai.,,
rumaisa_hi_s02.wav,rumaisa,hi,s02,Mujhe kitaabein padhna pasand hai.,,
rumaisa_hi_s03.wav,rumaisa,hi,s03,Kya aap meri madad kar sakte hain?,,
rumaisa_hi_s04.wav,rumaisa,hi,s04,Hum kal bazaar jaayenge.,,
rumaisa_hi_s05.wav,rumaisa,hi,s05,Yeh mera pasandeeda gaana hai.,,
rumaisa_en_s01.wav,rumaisa,en,s01,The weather is really nice today.,,
rumaisa_en_s02.wav,rumaisa,en,s02,I enjoy reading books in my free time.,,
rumaisa_en_s03.wav,rumaisa,en,s03,Could you please help me with this?,,
rumaisa_en_s04.wav,rumaisa,en,s04,We are planning to visit the market tomorrow.,,
rumaisa_en_s05.wav,rumaisa,en,s05,This is one of my favorite songs.,,
rumaisa_cs_s01.wav,rumaisa,cs,s01,"Mujhe office jaana hai, but traffic is really bad today.",5,
rumaisa_cs_s02.wav,rumaisa,cs,s02,"I was going to the market, lekin raaste mein baarish shuru ho gayi.",7,
rumaisa_cs_s03.wav,rumaisa,cs,s03,"Mujhe ye movie bahut pasand aayi, it was really good.",7,
rumaisa_cs_s04.wav,rumaisa,cs,s04,"Can you please send me the file, mujhe abhi chahiye.",8,
rumaisa_cs_s05.wav,rumaisa,cs,s05,"Kal meeting hai office mein, so I need to leave early.",6,
rumaisa_cs_s06.wav,rumaisa,cs,s06,"Pehle hum ghar gaye, then we had dinner, phir movie dekhne gaye.","5,9",
rahul_hi_s01.wav,rahul,hi,s01,Aaj mausam bahut accha hai.,,
rahul_hi_s02.wav,rahul,hi,s02,Mujhe kitaabein padhna pasand hai.,,
rahul_hi_s03.wav,rahul,hi,s03,Kya aap meri madad kar sakte hain?,,
rahul_hi_s04.wav,rahul,hi,s04,Hum kal bazaar jaayenge.,,
rahul_hi_s05.wav,rahul,hi,s05,Yeh mera pasandeeda gaana hai.,,
rahul_en_s01.wav,rahul,en,s01,The weather is really nice today.,,
rahul_en_s02.wav,rahul,en,s02,I enjoy reading books in my free time.,,
rahul_en_s03.wav,rahul,en,s03,Could you please help me with this?,,
rahul_en_s04.wav,rahul,en,s04,We are planning to visit the market tomorrow.,,
rahul_en_s05.wav,rahul,en,s05,This is one of my favorite songs.,,
rahul_cs_s01.wav,rahul,cs,s01,"Mujhe office jaana hai, but traffic is really bad today.",5,
rahul_cs_s02.wav,rahul,cs,s02,"I was going to the market, lekin raaste mein baarish shuru ho gayi.",7,
rahul_cs_s03.wav,rahul,cs,s03,"Mujhe ye movie bahut pasand aayi, it was really good.",7,
rahul_cs_s04.wav,rahul,cs,s04,"Can you please send me the file, mujhe abhi chahiye.",8,
rahul_cs_s05.wav,rahul,cs,s05,"Kal meeting hai office mein, so I need to leave early.",6,
rahul_cs_s06.wav,rahul,cs,s06,"Pehle hum ghar gaye, then we had dinner, phir movie dekhne gaye.","5,9",
